Member ID,Name,Vote,Party,Constituency,County,Profile URL
membership:51c35b26b0401d3641bf8465de42bb66cbc53b1f48b10f5d7cbc9152c8912a11,Khamis Chome,Yes,WDM-K,Voi,Taita Taveta,https://mzalendo.com/mps-performance/national-assembly/13th-parliament/khamis-chome/
membership:f6cdfc2f78e717ed47cea760afd4b876802959fd0ad0961981ee1ca9f87ac551,Adan Haji Yussuf,Yes,UDM,Mandera West,Mandera,https://mzalendo.com/mps-performance/national-assembly/13th-parliament/adan-haji-yussuf/
membership:f93cc0d9ae3ea55247b06818056a92a913ea15ea8840a6d2d5108ff5396ab1c8,Pareyio Mantaine Agnes,Yes,JP,Narok North,Narok,https://mzalendo.com/mps-performance/national-assembly/13th-parliament/agnes-mantaine-pareyio/
membership:6c2b8cc6c95118fea29d50300775702637a8bee0abf708b747005901c38548ef,Okuome Adipo Andrew,Yes,ODM,Karachuonyo,Homa Bay,https://mzalendo.com/mps-performance/national-assembly/13th-parliament/andrew-adipo-okuome/
membership:96bb250d2de796dd23f2d8bc06ce38a53314fe8881b7066532b7ac966ba56fb8,Wainaina Anthony Njoroge,Yes,UDA,Kieni,Nyeri,https://mzalendo.com/mps-performance/national-assembly/13th-parliament/anthony-njoroge-wainaina/
membership:60fac3175c3ff2fd9d788fa1927a44b34b81a476b4640685c25c5740e1932acc,Anthony Tom Oluoch,Yes,ODM,Mathare,Nairobi,https://mzalendo.com/mps-performance/national-assembly/13th-parliament/anthony-tom-oluoch/
membership:5f11dc2395515f64ec0b0c454731d5b1c78fc101fffbff44ac68c7938a7c8054,John Namoit,Yes,ODM,Turkana South,Turkana,https://mzalendo.com/mps-performance/national-assembly/13th-parliament/ariko-john-namoit/
membership:b5405cb7f001fbbefb40cb6c4fe0e02e85286a63c4ec4da008ba6a2b0330826c,Babu Owino,Yes,ODM,Embakasi East,Nairobi,https://mzalendo.com/mps-performance/national-assembly/13th-parliament/babu-owino-paul-ongili/
membership:4a8732d124fc7f19869b2f011276870e4711d280441f6bf225a9edcf825e0da5,Barongo Nolfason Obadiah,Yes,ODM,Bomachoge Borabu,Kisii,https://mzalendo.com/mps-performance/national-assembly/13th-parliament/barongo-nolfason-obadiah/
membership:859fe948c70339b6e88e17ddce72e13660d28d063d91406a4945e117f4d95754,Bartoo Phyllis Jepkemoi,Yes,UDA,Moiben,Uasin Gishu,https://mzalendo.com/mps-performance/national-assembly/13th-parliament/bartoo-phyllis-jepkemoi/
membership:b8e751a1e0ae3cf6496b43687f8bf41b912419ebe51a9f76f01366cef9965502,Basil Robert Ngui,Yes,WDM-K,Yatta,Machakos,https://mzalendo.com/mps-performance/national-assembly/13th-parliament/basil-robert-ngui/
membership:17918fd2d9cd2ec2c491eb4192612500abab78fedf3c68e0f9775fbd89db9183,Biego Paul Kibichiy,Yes,UDA,Chesumei,Nandi,https://mzalendo.com/mps-performance/national-assembly/13th-parliament/biego-paul-kibichiy/
membership:ef564cf182a94d7bffba25510b3968559b5bf1fe2120992073aaf94f0346e7c0,Buyu Rozaah Akinyi,Yes,ODM,Kisumu West,Kisumu,https://mzalendo.com/mps-performance/national-assembly/13th-parliament/buyu-rozaah-akinyi/
membership:ec86763613369d3e121dbf98c5bddbe5f1e971e85216ebd11510e8bd5598436c,John Bwire,Yes,WDM-K,Taveta,Taita Taveta,https://mzalendo.com/mps-performance/national-assembly/13th-parliament/bwire-john-okano/
membership:4cf8b96d519956f84b8e45e9afbf99274cdec36c13767bb3c57090b6f12da6a0,Caleb Amisi,Yes,ODM,Saboti,Trans Nzoia,https://mzalendo.com/mps-performance/national-assembly/13th-parliament/caleb-amisi-luyai/
membership:3a4038557c3af83fb33d192929ea92cf4d0fc8fe14c849380a30ba062ff2bb4a,Cecilia Asinyen Ngitit,Yes,UDA,—,Turkana,https://mzalendo.com/mps-performance/national-assembly/13th-parliament/cecilia-asinyen-ngitit/
membership:5d74a14b859c163301f0ad3d0e5979c1608df578f2fc3e56a9a0b9ad09cb63a5,Onchoke Charles Mamwacha,Yes,UPA,Bonchari,Kisii,https://mzalendo.com/mps-performance/national-assembly/13th-parliament/charles-mamwacha-onchoke/
membership:42091fd0c66b0c1027eefa982b6a89104c7dd4b437e5bc6f99d8741e83cbb124,Ngusya Charles Nguna,Yes,WDM-K,Mwingi West,Kitui,https://mzalendo.com/mps-performance/national-assembly/13th-parliament/charles-ngusya-nguna/
,Charles Ong'ondo Were,Yes,—,—,—,
membership:931c9c149806e82044c0d9398cbec60a9275d1043b370481370eb193d34a6bdd,Tungule Charo Kenneth Kazungu,Yes,PAA,Ganze,Kilifi,https://mzalendo.com/mps-performance/national-assembly/13th-parliament/charo-kenneth-kazungu/
membership:aa590198ddb651f3a43995845d981faaf96f1643cd4351722d5aff974b11158d,Chelule Liza Chepkorir,Yes,UDA,—,Nakuru,https://mzalendo.com/mps-performance/national-assembly/13th-parliament/chelule-liza-chepkorir/
membership:00a1c18890dd04505ba841a51e731796f012ce21deebbb734735c165864e4eed,Chiforomodo Mangale,Yes,UDM,Lunga Lunga,Kwale,https://mzalendo.com/mps-performance/national-assembly/13th-parliament/chiforomodo-mangale-munga/
membership:bc50b967266e7c580e00c63d1bbb12fb151fc0d12bd27cf4799c741ca5bc3021,Ombaka Oduor Christine,Yes,ODM,—,Siaya,https://mzalendo.com/mps-performance/national-assembly/13th-parliament/christine-oduor-ombaka/
membership:bdba165e91e935c1ec0113fa1cef60808eea011bec2cdb341a6815d3845b69c3,Daniel Ogwoka Manduku,Yes,ODM,Nyaribari Masaba,Kisii,https://mzalendo.com/mps-performance/national-assembly/13th-parliament/daniel-manduku-ogwoka/
membership:6f8f07a1009b3c19bef051e427ae58f0727abee713df27d6342992a19ab8e007,Danson Mwashako,Yes,WDM-K,Wundanyi,Taita Taveta,https://mzalendo.com/mps-performance/national-assembly/13th-parliament/danson-mwashako-mwakuwona/
membership:95580d0d65ee2cef54da29a287a4fda1dae15636736f5457fffdfab8903f9721,David Mwalika,Yes,WDM-K,Kitui Rural,Kitui,https://mzalendo.com/mps-performance/national-assembly/13th-parliament/david-mwalika-mboni/
membership:2c82e979c75a2f4d1d370be43cdccbdebf52fe638fede563bce02166075111fe,Ochieng David Ouma,Yes,MDG,Ugenya,Siaya,https://mzalendo.com/mps-performance/national-assembly/13th-parliament/david-ouma-ochieng/
membership:99adab6cbdc785e2c23562177d515d697288a2746f47de52de2491aeb8883c77,Dick Maungu Oyugi,Yes,DAP-K,Luanda,Vihiga,https://mzalendo.com/mps-performance/national-assembly/13th-parliament/dick-maungu/
membership:237e2a55b99375a23a0dc592e16a3c3ea3603b2f87233953da14e156bab39b5e,Kaunya Edward Oku,Yes,ODM,Teso North,Busia,https://mzalendo.com/mps-performance/national-assembly/13th-parliament/edward-oku-kaunya/
membership:3a39e4849087eb64a89a79edf3c341f359bcb9ef24e8647200b333fdb0ce3659,Elachi Beatrice Kadeveresia,Yes,ODM,Dagoretti North,Nairobi,https://mzalendo.com/mps-performance/national-assembly/13th-parliament/elachi-beatrice/
membership:722b05c8bec33fc4ea3c1e077a1b7cbd4a6a0fd07d1d0adb5b0ed605cfa53f1a,Emmanuel Wangwe,Yes,ODM,Navakholo,Kakamega,https://mzalendo.com/mps-performance/national-assembly/13th-parliament/emmanuel-wangwe/
membership:bce0324cf8abc3b58d5ef8fd5d77187ed43c88e7f3b1715b73259f16c3098743,Nzioka Erastus Kivasu,Yes,WDM-K,Mbooni,Makueni,https://mzalendo.com/mps-performance/national-assembly/13th-parliament/erastus-kivasu-nzioka/
membership:deb15208aa0b8533c45a64f7e4de9a99dcd1e58faef5d6924e1052a151803ae2,Salim Feisal Abdallah Bader,Yes,UDA,Msambweni,Kwale,https://mzalendo.com/mps-performance/national-assembly/13th-parliament/abdallah-kadi/
membership:a6eeeb4dbb3eb274aee7b57ba2ca46bc95142938c02ca7aa6ae98d2053cc5249,Wanyonyi Kevin Ferdinand,Yes,FORD-KENYA,Kwanza,Trans Nzoia,https://mzalendo.com/mps-performance/national-assembly/13th-parliament/ferdinard-kevin-wanyonyi/
membership:78e86fddaeb5358e7be5025efe7858f7029685605cd9d2e0e995fe0e8796665d,Francis Kipyegon Arap Sigei,Yes,UDA,Sotik,Bomet,https://mzalendo.com/mps-performance/national-assembly/13th-parliament/francis-kipyegon-sigei/
membership:273cf440bbbef2cbec5e3974cf6b09e3882df04285f22ddc89266866f7c78462,Mulanya Ekesa Geoffrey,Yes,IND,Nambale,Busia,https://mzalendo.com/mps-performance/national-assembly/13th-parliament/geoffrey-ekesa-mulanya/
membership:dd03bbe8fe9bc4a7fc5d74017d0c96bfccc5fa2cb962779cbc45acd49d4c7cc7,Geoffrey Makokha Odanga,Yes,ODM,Matayos,Busia,https://mzalendo.com/mps-performance/national-assembly/13th-parliament/geoffrey-makokha-odanga/
membership:da5fe4faa98f4b2519de023de016ffaccbb43b05c0dfb7418d48a38b4e06c68c,Geoffrey Wandeto,Yes,UDA,Tetu,Nyeri,https://mzalendo.com/mps-performance/national-assembly/13th-parliament/geoffrey-wandeto-mwangi/
membership:6567ea38bfea57b3f861490c49cbf42ac6eb2487c0fe830f2f57e5bfa743d1ae,Omwera George Aldwa,Yes,ODM,Makadara,Nairobi,https://mzalendo.com/mps-performance/national-assembly/13th-parliament/george-aladwa-omwera/
membership:460bc5d598f8891e017897dd4d0c9c04cd2fa9d7b8282fd1ccf2249789ed54c8,Mwanyanje Gertrude Mbeyu,Yes,ODM,—,Kilifi,https://mzalendo.com/mps-performance/national-assembly/13th-parliament/gertrude-mbeyu-mwanyanje/
membership:b5835866ba01718452bac5c4de7a1e72ea02d24883cada3465a1895f357355ec,Gichuki Edwin Mugo,Yes,UDA,Mathioya,Muranga,https://mzalendo.com/mps-performance/national-assembly/13th-parliament/edwin-mugo/
membership:39c7cfbfeac3066ec8efd78b201c21c54896b63940c3fe8f3011309bb962b63b,Gideon Mutemi Mulyungi,Yes,WDM-K,Mwingi Central,Kitui,https://mzalendo.com/mps-performance/national-assembly/13th-parliament/gideon-mutemi-mulyungi/
membership:82ede2a70a2eb901f04e55aac19c2a7e5cbaeb789bbabc8db9abc5bf19329a6c,Gisairo Clive Ombane,Yes,ODM,Kitutu Masaba,Nyamira,https://mzalendo.com/mps-performance/national-assembly/13th-parliament/gisairo-clive-ombane/
membership:3e57982c7ed78171b277d53b86d6b00d1ba3ff49aaf6ded171f90af738b98246,Kakuta Maimai,Yes,ODM,Kajiado East,Kajiado,https://mzalendo.com/mps-performance/national-assembly/13th-parliament/hamisi-kakuta/
membership:82a2cdd68e585034c0ef11b5c099ae178f8fa456101b043344d8f35ad29c53f9,Kosgei Hilary Kiplang’at,Yes,UDA,Kipkelion West,Kericho,https://mzalendo.com/mps-performance/national-assembly/13th-parliament/hilary-kiplangat-kosgei/
membership:4a009f3e0b13095c70598f0f9e0b97678cf7edd7d14abd5fb43c0b3b5546356e,Saney Ibrahim Adbi,Yes,UDA,Wajir North,Wajir,https://mzalendo.com/mps-performance/national-assembly/13th-parliament/ibrahim-abdi-saney/
membership:cfbe596ff92e3bc30f8528a801ca5d9a87ec8449981aa9092183821abe912a83,Innocent Momanyi Obiri,Yes,WDM-K,Bobasi,Kisii,https://mzalendo.com/mps-performance/national-assembly/13th-parliament/innocent-momanyi-obiri/
membership:bef2ba8d47842c38f8d839486df49b6f85ff53ee42fde7e6891a25e13c88240a,Nyikal Wambura James,Yes,ODM,Seme,Kisumu,https://mzalendo.com/mps-performance/national-assembly/13th-parliament/nyikal-james-wambura/
membership:a8be5ce975ece6a23cc650a77f5946292b8ec8873f023fbb33983e2a980c1f7c,James Onyango Oyoo,Yes,ODM,Muhoroni,Kisumu,https://mzalendo.com/mps-performance/national-assembly/13th-parliament/james-onyango-oyoo/
,James Opiyo Wandayi,Yes,—,—,—,
membership:593bb6a2599475433d00c1037322c34d2654a3162d738b41f63c94f638a29bfa,Jerusha Momanyi,Yes,JP,—,Nyamira,https://mzalendo.com/mps-performance/national-assembly/13th-parliament/jerusha-mongina-momanyi/
membership:178a83473efecb33219da4b58b388da50fe84ad78434c2f579e31e60358f1281,Makali John Okwisia,Yes,FORD-KENYA,Kanduyi,Bungoma,https://mzalendo.com/mps-performance/national-assembly/13th-parliament/john-makali-okwisia/
,John Mbadi Ng'ong'o,Yes,—,—,—,
membership:96ca4220d44ca030faa5d98d70fcae2b70b921d4725d622aacd19b1d2a2c5bd4,Owino John Walter,Yes,ODM,Awendo,Migori,https://mzalendo.com/mps-performance/national-assembly/13th-parliament/john-walter-owino/
membership:543476829fd03e7e96e9cf92e382642019a3cb28ca29384ba2a4cd303fd9cd0d,Joseph H. Maero Oyula,Yes,ODM,Butula,Busia,https://mzalendo.com/mps-performance/national-assembly/13th-parliament/oyula-joseph/
membership:b888746b39c09fcb0c700065dd723dd0c0c0fc0f0074e36193b25f44ca8233dd,Cherorot Joseph Kimutai,Yes,UDA,Kipkelion East,Kericho,https://mzalendo.com/mps-performance/national-assembly/13th-parliament/joseph-kimutai-cherorot/
membership:82ded151d0e14dd5ee156365a1bb1d5e217bf0493bdf33f06e051e2e827ca2f4,Joseph Makilap,Yes,UDA,Baringo North,Baringo,https://mzalendo.com/mps-performance/national-assembly/13th-parliament/joseph-makilap-13th-parliament-assembly/
membership:714b2078775807fa848ea818a4d2c09139c0bf535a2d7ad9d0d043f2cca547be,Joshua Chepyegon Kandie,Yes,UDA,Baringo Central,Baringo,https://mzalendo.com/mps-performance/national-assembly/13th-parliament/kandie-joshua/
membership:d47a48ddbe2cff7708bb06e386f5372beefc8e373533fa0ab29ed1a6026ac805,Joshua Mbithi Mwalyo,Yes,IND,Masinga,Machakos,https://mzalendo.com/mps-performance/national-assembly/13th-parliament/joshua-mbithi-mwalyo/
membership:c6ba7bcc3f52bbb6622a5c7760d5a75e335872b2c489e1afa6d044105dbba583,Oron Joshua Odongo,Yes,ODM,Kisumu Central,Kisumu,https://mzalendo.com/mps-performance/national-assembly/13th-parliament/joshua-oron-odongo/
membership:e448bbd2809cf86ffb1755f1c9c2eef4b5d729a88caeaf3dd3579fab74ef292e,Kajwang Francis Tom Joseph,Yes,ODM,Ruaraka,Nairobi,https://mzalendo.com/mps-performance/national-assembly/13th-parliament/kajwang-francis-tom-joseph/
membership:87c4cd6663b79fee688faf93dc6fa171a62a0953947c6f5fe9f8546e5e73e7d6,Karauri Ronald Kamwiko,Yes,IND,Kasarani,Nairobi,https://mzalendo.com/mps-performance/national-assembly/13th-parliament/karauri-ronald-kamwiko/
membership:8d58b7b862fec4ce1290c28ab51840353d94a5d371d44c633bfc9e6ea1e1f866,Rael Kasiwai,Yes,KUP,—,West Pokot,https://mzalendo.com/mps-performance/national-assembly/13th-parliament/kasiwai-rael-kasiwai/
membership:e0de606a746b938838dc820cfbf03ff4af6609923709c696155dbd4090f5e1dd,Kemei Beatrice Chepngeno,Yes,UDA,—,Kericho,https://mzalendo.com/mps-performance/national-assembly/13th-parliament/kemei-beatrice-chepngeno/
membership:67cfc72ca9fb7412ef4617a96e0f9560571b7eb9b96e7e5d8d649edf1625fba5,Kilel Richard Cheruiyot,Yes,UDA,Bomet Central,Bomet,https://mzalendo.com/mps-performance/national-assembly/13th-parliament/kilel-richard-cheruiyot/
membership:391336d9f843db914c2e43fe3aa96517c5999eab81f46999cb23b9de6744072c,Richard Kipkemoi Yegon,Yes,UDA,Bomet East,Bomet,https://mzalendo.com/mps-performance/national-assembly/13th-parliament/yegon-richard/
membership:d56246e2925420d7eddb35e054919b22bced458e3f0579994cfbd24a2460b7ae,Kirwa Abraham Kipsang,Yes,UDA,Mosop,Nandi,https://mzalendo.com/mps-performance/national-assembly/13th-parliament/kirwa-abraham/
membership:caa01cb25ce2a483d1df3d0272c84dec1b0d6fa48574635657b898fc86996310,Komingoi Kibet Kirui,Yes,UDA,Bureti,Kericho,https://mzalendo.com/mps-performance/national-assembly/13th-parliament/komingoi-kibet-kirui/
membership:cc2679f154ef070560dd897a25b79d43bada6b2aabd06a791be5bdbe08c8cd61,Korir Adams Kipsanai,Yes,UDA,Keiyo North,Elgeyo Marakwet,https://mzalendo.com/mps-performance/national-assembly/13th-parliament/adams-kipsanai/
membership:797ee767b961fd039064e13fb37ef70599d75ef76fec76c4f3145b94233da3ba,Sankaire Leah Sopiato,Yes,UDA,—,Kajiado,https://mzalendo.com/mps-performance/national-assembly/13th-parliament/leah-sankaire-sopiato/
membership:5bd136fe159ea617c963b91a562e1204ffe8c55380f2c908c55c59d40a85fe9e,Lelmengit Josses Kiptoo Kosgey,Yes,UDA,Emgwen,Nandi,https://mzalendo.com/mps-performance/national-assembly/13th-parliament/lelmengit-josses-kiptoo-kosgey/
membership:2bc2919245fd98bed6d0290b8d175bb3011eb49a03dec697f090055ff11d7dd3,Lemanken Aramat,Yes,UDA,Narok East,Narok,https://mzalendo.com/mps-performance/national-assembly/13th-parliament/lemanken-aramat/
membership:93efe0a74dfe5f328c05557066bcd202feded15594b96dbd6209293cb51ee84c,Lenguris Pauline,Yes,UDA,—,Samburu,https://mzalendo.com/mps-performance/national-assembly/13th-parliament/lenguris-pauline/
membership:1f14490f77e76319d08b00e3294f49a60d30a752b114d89d582fd3366bd0b150,Lilian Achieng Gogo,Yes,ODM,Rangwe,Homa Bay,https://mzalendo.com/mps-performance/national-assembly/13th-parliament/lilian-achieng-gogo/
membership:f93ae30d0ecc26487ff199504b58014fe703263e8ed9f84e1dc601f4e629ce44,Siyoi Lillian Chebet,Yes,UDA,—,Trans Nzoia,https://mzalendo.com/mps-performance/national-assembly/13th-parliament/lillian-chebet-siyoi/
membership:40725ddd3eeb23de1d8fe1e9e2578113dd4f5b7c4dca2d2536e78eb651498182,Mizighi Lydia Haika,Yes,UDA,—,Taita Taveta,https://mzalendo.com/mps-performance/national-assembly/13th-parliament/lydia-haika-mnene-mizighi/
membership:6b929731cfe543b9710e683c74ad0965b31e11c92b6645f0247cd311de69e0ce,Maina Betty Njeri,Yes,UDA,—,Muranga,https://mzalendo.com/mps-performance/national-assembly/13th-parliament/maina-betty-njeri/
membership:1670dfe01f57c064857e8e45c6acd624dadc05fc6ed57245f30c3825a0606ecd,Mulu Makali,Yes,WDM-K,Kitui Central,Kitui,https://mzalendo.com/mps-performance/national-assembly/13th-parliament/makali-benson-mulu/
membership:7470e90507e26bca87112b0117d63b491c67ed7e0ee5e8b69df4dde92242b5be,Kitany Marianne,Yes,UDA,Aldai,Nandi,https://mzalendo.com/mps-performance/national-assembly/13th-parliament/marianne-kitany/
membership:5e78da656a72cbfba5bebeeb829c4c971ef3c9787b85d3626fa773320a394456,Mwenje Mark Samuel,Yes,JP,Embakasi West,Nairobi,https://mzalendo.com/mps-performance/national-assembly/13th-parliament/mwenje-mark-samuel-muriithi/
membership:5c5f8bf53520f93dec1c3df2f2e9edce5b5a8956c8e846e33b9788af40715c23,Martha Wangari,Yes,UDA,Gilgil,Nakuru,https://mzalendo.com/mps-performance/national-assembly/13th-parliament/martha-wangari/
membership:3eb044a2f6f8e8644a047ed3f1faae0ae86db127ca39dd5461f1ea7fc6be794d,Martin Peters Owino,Yes,ODM,Ndhiwa,Homa Bay,https://mzalendo.com/mps-performance/national-assembly/13th-parliament/martin-peters-owino/
membership:e1068bc9c08a5664d602b60af952dfbbede05962b167231d0407fa7c0474ab26,Mary Emaase,Yes,UDA,Teso South,Busia,https://mzalendo.com/mps-performance/national-assembly/13th-parliament/mary-emaase-otuch/
membership:c4d6e37ba7bd30ffe25c938617ca6d3dc12852ec9b2c0150ec600dfcb658eb9d,Maingi Mary,Yes,UDA,Mwea,Kirinyaga,https://mzalendo.com/mps-performance/national-assembly/13th-parliament/mary-maingi/
membership:3b0bb9a772d994f799e9b9eba321e9dec3dbb69015ae96183cda538a387b5a62,Njoroge Mary Wamaua Waithira,Yes,UDA,Maragwa,Muranga,https://mzalendo.com/mps-performance/national-assembly/13th-parliament/mary-wamaua-waithira-njoroge/
membership:35b4b572e330254b3d7c51de8c953cb7afe06603ced47fa075e217f254d9d648,Mayaka Irene Nyakerario,Yes,ODM,—,Nyamira,https://mzalendo.com/mps-performance/national-assembly/13th-parliament/mayaka-irene-nyakerario/
membership:e00082fe12855c39449575865154bcf89881ee3c6b40120581b00a702a9442a3,Millie Grace Akoth Odhiambo,Yes,ODM,Suba North,Homa Bay,https://mzalendo.com/mps-performance/national-assembly/13th-parliament/millie-grace-akoth-odhiambo-mabona/
membership:d953016bb98d57fa18f055f0e7933eb14c0636ac6b07b882c515a2bc41858f3e,Mnyazi Amina Laura,Yes,ODM,Malindi,Kilifi,https://mzalendo.com/mps-performance/national-assembly/13th-parliament/mnyazi-amina-laura/
membership:f65ff7a2f0d10ae274043c2c5db554cae75c9be0b514667c951f09e6fa77dafd,Mohamed Aden Daudi,Yes,JP,Wajir East,Wajir,https://mzalendo.com/mps-performance/national-assembly/13th-parliament/mohamed-aden-abdi/
membership:3bbd67ac74e5329263c5ea0c9b123f30b908f5ffedfe5daa64aa1d9ef483746c,Umulkher Harun,Yes,ODM,—,Garissa,https://mzalendo.com/mps-performance/national-assembly/13th-parliament/mohamed-umulkher-harun/
membership:f8a852e55b8c5ac3a2d71c05bac76e720f3a17a4f86acc958fd1517f2909c446,Mohamed Zamzam Chimba,Yes,ODM,—,Mombasa,https://mzalendo.com/mps-performance/national-assembly/13th-parliament/mohamed-zamzam-chimba/
membership:f53cd26896eef4cbd00f272253d1cde9b1bf474b2d446fa5e33d39a0f2be30ae,Mugabe Innocent Maino,Yes,ODM,Likuyani,Kakamega,https://mzalendo.com/mps-performance/national-assembly/13th-parliament/mugabe-innocent-miano/
membership:33e22221bd56f3713cb45b4e1281d2c88ff2f78c3d8c2288f191275801e6b991,Muge Cynthia Jepkosgei,Yes,UDA,—,Nandi,https://mzalendo.com/mps-performance/national-assembly/13th-parliament/muge-cynthia-jepkosgei/
membership:7c9a67dcd1ef6319d40b6e0161eb0f7dbb3fea25a4c431975f41fe3f1471b4d7,Mumo Rose Museo,Yes,WDM-K,—,Makueni,https://mzalendo.com/mps-performance/national-assembly/13th-parliament/mumo-rose-museo/
membership:33ce0f7e900055957a0fa0332fdc3b60797aa584c75e420eb9c333cda3b8e996,Munyoro Joseph Kamau,Yes,UDA,Kigumo,Muranga,https://mzalendo.com/mps-performance/national-assembly/13th-parliament/munyoro-joseph-kamau/
membership:517e206215821922843965a2baf8e9b095617af9d4d0f918b088765f69bd2fb3,Muriu Wakili Edward,Yes,UDA,Gatanga,Muranga,https://mzalendo.com/mps-performance/national-assembly/13th-parliament/muriu-wakili-edward/
membership:729653eb2483c419072bb3e2f36e36e7a9d39d73fc82d98c99128b7ff3dbc987,Musa Cherutich Sirma,Yes,UDA,Eldama Ravine,Baringo,https://mzalendo.com/mps-performance/national-assembly/13th-parliament/musa-sirma-cherutich/
membership:722af4fab988ca35ec3eb406ad5153328e369f9bae8ad05b90767a71bb2cb9d5,Mutai Kipronoh Alfred,Yes,UDA,Kuresoi North,Nakuru,https://mzalendo.com/mps-performance/national-assembly/13th-parliament/mutai-kipronoh-alfred/
membership:ee569d383103bb3313ccdd32884aebe5535268d7f0147dd22c3d5959f6405182,Amos Maina,Yes,JP,Starehe,Nairobi,https://mzalendo.com/mps-performance/national-assembly/13th-parliament/mwago-amos/
membership:14fdf10cf34df9c354d1a974da1859d220e0f7c09b30f9216b19964b49ea15c3,Nabulindo Peter Oscar,Yes,ODM,Matungu,Kakamega,https://mzalendo.com/mps-performance/national-assembly/13th-parliament/nabulindo-peter-oscar/
membership:0e97ef65111c8e8a007c7a9dfc72b1bb9a4447232b0d75fc869f65f1d96dc713,Joseph Emathe,Yes,UDA,Turkana Central,Turkana,https://mzalendo.com/mps-performance/national-assembly/13th-parliament/namuar-joseph-emathe/
membership:36456ca33fabc94babff1690cd399da9f892bfeff16197121f9ccb1633b29001,Muriuki Nebart Bernard,Yes,IND,Mbeere South,Embu,https://mzalendo.com/mps-performance/national-assembly/13th-parliament/nebart-bernard-muriuki/
membership:5d324a9045609031bcb4ac8674b5421dee9ea486d3186b42031a23a58e292078,Wamboka Wanami Jack Nelson,Yes,DAP-K,Bumula,Bungoma,https://mzalendo.com/mps-performance/national-assembly/13th-parliament/nelson-jack-wanami-wamboka/
membership:b3209db9b1dbd475317c7db99cdaf6ba90b5a8e53b05630c44d4f9f67a645bdd,Nganga Alice Wambui,Yes,UDA,Thika Town,Kiambu,https://mzalendo.com/mps-performance/national-assembly/13th-parliament/nganga-alice-wambui/
membership:b79379680d48675aaaff0781947d0749a46669ef71bd64347c84d24dc7f1a818,Ng’elechei Caroline Jeptoo,Yes,IND,—,Elgeyo Marakwet,https://mzalendo.com/mps-performance/national-assembly/13th-parliament/ngelechei-caroline-jeptoo/
membership:bcc5f05c1d55f291f14195841ab4100827fc21b7a64407311c714e1b11c30ab4,Nicholas Ngikor,Yes,JP,Turkana East,Turkana,https://mzalendo.com/mps-performance/national-assembly/13th-parliament/nicholas-ngikor-nixon/
membership:c1e40265cfb76e6149475ba295a2ea85b356b63d485eedf8690a6a71ba6094e6,Mwale Nicholas Scott Tindi,Yes,ODM,Butere,Kakamega,https://mzalendo.com/mps-performance/national-assembly/13th-parliament/nicholas-scott-tindi-mwale/
membership:d944f8d6333f9554faf2352b19d1847771db8d008856ef87548f4da76699efdb,Ntutu Kitilai,Yes,IND,Narok South,Narok,https://mzalendo.com/mps-performance/national-assembly/13th-parliament/ntutu-kitilai/
membership:5679c3db5d2bc538cf1c920170a9fe736957f388e2a1158916f276ed31ab3f92,Omanyo Catherine Nakhabi,Yes,ODM,—,Busia,https://mzalendo.com/mps-performance/national-assembly/13th-parliament/omanyo-catherine-nakhabi/
membership:24dceee70ecaefcfbad6d1a4b6f43cb935b4b89c186b13fc3ed43f6a01d7fc9d,Omar Mwinyi,Yes,ODM,Changamwe,Mombasa,https://mzalendo.com/mps-performance/national-assembly/13th-parliament/omar-mwinyi-shimbwa/
membership:3053aa33557a00d24d791ca619390ce853180bf9193831dd899a5581cd95ac10,Orero Peter Ochieng,Yes,ODM,Kibra,Nairobi,https://mzalendo.com/mps-performance/national-assembly/13th-parliament/orero-peter-ochieng/
membership:1519fab49a07cf774e304e78e5d2dbfc66e9da5dc0916d4bdecca9dc97ff6296,Atieno Bensuda,Yes,ODM,—,Homa Bay,https://mzalendo.com/mps-performance/national-assembly/13th-parliament/osogo-joyce-atieno-bensuda/
membership:0928a86f5ebdeb64aafbabd4756b133d34190aacd0d51f9f5d5c9827d230b44d,Osero Patrick,Yes,ODM,Borabu,Nyamira,https://mzalendo.com/mps-performance/national-assembly/13th-parliament/patrick-osero/
membership:debb5423e6c07d9a92a840a5027a4eda730786a3df067b91cd81b0f0409cfa2c,Barasa Patrick Simiyu,Yes,DAP-K,Cherangany,Trans Nzoia,https://mzalendo.com/mps-performance/national-assembly/13th-parliament/patrick-simiyu/
membership:134dc9c1ff56e8d26f5a9fc5f83fce85480c5354cfc2e0f771d01486a4a24f49,Katana Paul Kahindi,Yes,ODM,Kaloleni,Kilifi,https://mzalendo.com/mps-performance/national-assembly/13th-parliament/paul-kahindi-katana/
membership:73afccb58254d4124e560cc3fcd46d0e6ab25e21eda8bf439657991e8cd337b1,Paul Kibet Chebor,Yes,UDA,Rongai,Nakuru,https://mzalendo.com/mps-performance/national-assembly/13th-parliament/paul-kibet-chebor/
membership:84165ceff7aa6234445bb34424c7df809cbcb2f9f696ae0bf9579706ed3f65e9,Paul Musyimi Nzengu,Yes,WDM-K,Mwingi North,Kitui,https://mzalendo.com/mps-performance/national-assembly/13th-parliament/paul-musyimi-nzengu/
membership:b3e05c9f98f292bad44be01874a0d0377505c9eb1218d8009d874adcee47c645,CS Amollo Paul Otiende,Yes,ODM,Rarieda,Siaya,https://mzalendo.com/mps-performance/national-assembly/13th-parliament/paul-otiende-amollo/
membership:bdd5674f95fdf58f1ebc623ae61e02e53ed6692e36d50f96a9f128402556bebc,Masara Peter Francis,Yes,ODM,Suna West,Migori,https://mzalendo.com/mps-performance/national-assembly/13th-parliament/peter-francis-masara/
membership:ebacfedde9519caeeb3b566b96bc11d937f632ed173f4ef343899a12b2ea166c,Protus Ewesit Akujah,Yes,UDA,Loima,Turkana,https://mzalendo.com/mps-performance/national-assembly/13th-parliament/protus-ewesit/
membership:8375804f28e1aff00f2df04d480b4f736a41dea614d316cdae624d6462049a04,Bedzimba Rashid Juma,Yes,ODM,Kisauni,Mombasa,https://mzalendo.com/mps-performance/national-assembly/13th-parliament/rashid-juma-bedzimba/
membership:8fc0947b181b98d28d34ece4f5b82bbdddd4738c171e17f42fd12e9ab1e0f9e5,Tonkei Rebecca Noonaishi,Yes,UDA,—,Narok,https://mzalendo.com/mps-performance/national-assembly/13th-parliament/tonkei-rebecca-noonaishi/
membership:3e557ac6f50c2aafb2139e472e9cde39da3ebf66866aa955477716e94fa47851,Reuben Kiborek,Yes,UDA,Mogotio,Baringo,https://mzalendo.com/mps-performance/national-assembly/13th-parliament/reuben-kiborek/
membership:e6b034d629d6a69b84025e45624e36ab828967809addd83fb226f95ac9ed24d7,Ken Chonga,Yes,ODM,Kilifi South,Kilifi,https://mzalendo.com/mps-performance/national-assembly/13th-parliament/richard-ken-chonga-kiti/
membership:a5fefcaf8d5ea8abdf99e0baab9b6332556adb7bae6adda6c27507dbfee437cf,Busia Ruth Adhiambo Odinga,Yes,ODM,—,Kisumu,https://mzalendo.com/mps-performance/national-assembly/13th-parliament/ruth-adhiambo-odinga-busia/
membership:114407d846953fc8a4b0b0bf520b6b78d529945833681e3579e44f983d320058,Rutto Julius Kipletting,Yes,UDA,Kesses,Uasin Gishu,https://mzalendo.com/mps-performance/national-assembly/13th-parliament/rutto-julius-kipletting/
membership:01d1efed0bbf27043057ff4567671b21b8578669a0b8ec312809d6f33363f97b,Parashina Samuel Sakimba,Yes,ODM,Kajiado South,Kajiado,https://mzalendo.com/mps-performance/national-assembly/13th-parliament/samuel-sakimba/
membership:3aa16dfe53261fba9f2a07a3253231cb23d9bfebde309808088b73a7a62dd5e1,Korere Sarah Paulata,Yes,JP,Laikipia North,Laikipia,https://mzalendo.com/mps-performance/national-assembly/13th-parliament/sara-paulata-korere/
membership:a529a0975d9734e2f7cdf864b0d5f0d4ecbf6c138423adfaff0d589397e7e753,Jematiah Flowrence Sergon,Yes,UDA,—,Baringo,https://mzalendo.com/mps-performance/national-assembly/13th-parliament/sergon-florence-jematiah/
membership:71ccf4278f9cd834d5a43de5c2c832ec6e89cc7db249a31e7f34718486d12f18,Abdullaih Bashir Sheikh,Yes,UDM,Mandera North,Mandera,https://mzalendo.com/mps-performance/national-assembly/13th-parliament/sheikh-abdullahi-bashir/
membership:203ded963d4d5f3b379bbce11402b01b5b3cfbece2848b5eef31c427f8cc9e0a,Shinali Bernard Masaka,Yes,ODM,Ikolomani,Kakamega,https://mzalendo.com/mps-performance/national-assembly/13th-parliament/shinali-bernard-masaka/
membership:24a500a77eb43fb520be8c02bbe48fce615a20e31e57a6ac124dc1e70b521060,Amina Udgoon Siyad Kuno,Yes,JP,—,Garissa,https://mzalendo.com/mps-performance/national-assembly/13th-parliament/siyad-udgoon-amina/
membership:a6d465d6d977771ffe43219548bd15659561f13dc8e89b5432b18ccc9fddd015,Suleka Hulbale Harun,Yes,UDM,—,Mandera,https://mzalendo.com/mps-performance/national-assembly/13th-parliament/suleka-hulbale-harun/
membership:591cebf7e3c45b3775e998d666d7579f32637cfba4b4a999f803257b773c06fc,Kiamba Suzanne Ndunge,Yes,WDM-K,Makueni,Makueni,https://mzalendo.com/mps-performance/national-assembly/13th-parliament/suzanne-ndunge-kiamba/
membership:67d428ed0dd0446f1ebed2b6de93c4d7d8ca66bf1d5014afbd721096f44c358f,Nzambia Kithua Thuddeus,Yes,WDM-K,Kilome,Makueni,https://mzalendo.com/mps-performance/national-assembly/13th-parliament/thaddeus-kithua-nzambia/
membership:cefbcc0de2137756c813b1473b834bb68ac7ef2ee8d10eef4a1ccc703aa4862f,Wetangula Timothy Wanyonyi,Yes,ODM,Westlands,Nairobi,https://mzalendo.com/mps-performance/national-assembly/13th-parliament/timothy-wanyonyi-wetangula/
membership:e9e7c6141fcc5bed89863ef73f4546544ce3e50307785b65d012a9e0d0d5ff7e,Titus Khamala,Yes,ODM,Lurambi,Kakamega,https://mzalendo.com/mps-performance/national-assembly/13th-parliament/titus-khamala-mukhwana/
membership:13dbe7c87a16c0342cc225008950ea86565533e547941501b057bd47cc97fbba,Odege Tom Mboya,Yes,ODM,Nyatike,Migori,https://mzalendo.com/mps-performance/national-assembly/13th-parliament/tom-mboya-odege/
membership:5f1ae2a9467ab7b5567683b381c2433d48ff4279f2e5a4449cdcf03b2f9d0ce1,Tonui Joseph Kipkosgei,Yes,UDA,Kuresoi South,Nakuru,https://mzalendo.com/mps-performance/national-assembly/13th-parliament/tonui-joseph-kipkosgei/
membership:524e6e30e21554b8be75737a89e22ab1087ccf6ce59265c40c869123b76c080f,Timothy Kipchumba,Yes,IND,Marakwet West,Elgeyo Marakwet,https://mzalendo.com/mps-performance/national-assembly/13th-parliament/timothy-kipchumba/
membership:b739c09a2ad03f904168a75a911b38a559fd48c900961033937edc6b7257e2ef,Koech Kipngetich Victor,Yes,CCM,Chepalungu,Bomet,https://mzalendo.com/mps-performance/national-assembly/13th-parliament/victor-kipngetich-koech/
membership:0f5bcacb74cd77542947156db1130deea381fff2b796229bb5b86259ca9a5676,Wanjiku John Njuguna,Yes,UDA,Kiambaa,Kiambu,https://mzalendo.com/mps-performance/national-assembly/13th-parliament/wanjiku-john-njuguna/
membership:486f3aef9415ade5bfb703241f8e173b0859dcf700a2ee34b99264d8b9a97926,Wilberforce Ojiambo Oundo,Yes,ODM,Funyula,Busia,https://mzalendo.com/mps-performance/national-assembly/13th-parliament/oundo-wilberforce-ojiambo/
membership:ea4806bd520faac1fa37f40b36879037ec5c357e52c0ffec83516078e9cc8472,Kamket Kassait William,Yes,KANU,Tiaty,Baringo,https://mzalendo.com/mps-performance/national-assembly/13th-parliament/kassait-william/
membership:ca591d8cdc67046435b2d004da643629a89b547f66c5f9ce6e068dd48bbec564,Thuku Zachary Kwenya,Yes,JP,Kinangop,Nyandarua,https://mzalendo.com/mps-performance/national-assembly/13th-parliament/zachary-kwenya-thuku/
membership:d5877ca900afab5c181615daa51994d9f157cf1ffa9c0f8f4f93ec415ed0988b,Abdirahman Mohamed,No,JP,Lafey,Mandera,https://mzalendo.com/mps-performance/national-assembly/13th-parliament/abdirahman-mohamed-abdille/
membership:ec4012d41b23f0838e838c9f93a18e88f50c87f05c88d84c6f3d5519cb5d543f,Abdul Rahim Dawood,No,IND,North Imenti,Meru,https://mzalendo.com/mps-performance/national-assembly/13th-parliament/abdul-rahim-dawood/
membership:ead63526002d43047a18083d6f2ba83180c3b4fdf5a91f26a61be1e65281218b,Ichung’wah Antony Kimani,No,UDA,Kikuyu,Kiambu,https://mzalendo.com/mps-performance/national-assembly/13th-parliament/anthony-kimani-ichungwah/
membership:e112e1a1cfff6333d2f26c18087be65e59451344730bdde18a7c608c39907337,Baya Owen Yaa,No,UDA,Kilifi North,Kilifi,https://mzalendo.com/mps-performance/national-assembly/13th-parliament/baya-owen-yaa/
membership:2c8c8cbe61e42b2a935862a13d1b050588dcf0eeb7b4569b17517b895905ec9f,Bernard Kibor Kitur,No,UDA,Nandi Hills,Nandi,https://mzalendo.com/mps-performance/national-assembly/13th-parliament/bernard-kitur-kibor/
membership:46ae481acb4f3fe719c08c8da376b9f784e1db1e305d31600c18b9707e720e21,Chepkwony Charity Kathambi,No,UDA,Njoro,Nakuru,https://mzalendo.com/mps-performance/national-assembly/13th-parliament/charity-kathambi-chepkwony/
membership:e7f0e9e5bcd9c42a7cfa9c30f3c30a858fe635863f2ad4c6a8cb87b387a4946e,Charles Kamuren,No,UDA,Baringo South,Baringo,https://mzalendo.com/mps-performance/national-assembly/13th-parliament/kamuren-charles/
membership:24e4a72e091e9c62e50e05e8e540b7553cb203e5fe77cf1ad050db875e2ef195,Murugara George Gitonga,No,UDA,Tharaka,Tharaka Nithi,https://mzalendo.com/mps-performance/national-assembly/13th-parliament/george-gitonga-murugara/
membership:d35d7fee3979c7a893068ca5903b1cbf8bf950a1145fc0d796a07ac0aaaf6190,Gideon Kimaiyo,No,UDA,Keiyo South,Elgeyo Marakwet,https://mzalendo.com/mps-performance/national-assembly/13th-parliament/gideon-kimaiyo/
membership:9c9da6c0bb2899d2cf7e97ce53025352307fad36475abd9a98c5530e8ce19127,Dorothy Muthoni,No,UDA,—,Meru,https://mzalendo.com/mps-performance/national-assembly/13th-parliament/ikiara-dorothy-muthoni/
membership:4fe181baebb35bf1c6880924cae8d1688529c4c3de56972c1eaa1892832f9332,Gakuya James Mwangi,No,UDA,Embakasi North,Nairobi,https://mzalendo.com/mps-performance/national-assembly/13th-parliament/james-mwangi-gakuya/
membership:b7738d3f71383cf3eff05a342c44a709faf3e6ab63a5fa347145092fc6f771e0,Njeri Maina,No,UDA,—,Kirinyaga,https://mzalendo.com/mps-performance/national-assembly/13th-parliament/jane-njeri-maina/
membership:6275ec43bbb318cb5b475afe9952e2a19098cd6be0e68dfe41f8b32d5509f59b,Joash Nyamache Nyamoko,No,UDA,North Mugirango,Nyamira,https://mzalendo.com/mps-performance/national-assembly/13th-parliament/joash-nyamache-nyamoko/
membership:151a9d1d4ccae4f684fb8b7966665894ebafe8b2ad370969efc312c01b9474b1,John Kiragu,No,UDA,Limuru,Kiambu,https://mzalendo.com/mps-performance/national-assembly/13th-parliament/john-kiragu-chege/
membership:89019acf4af772b8d96e777289d770554df115fb00149054bab93e972a3a64ba,Julius Kipbirwot Meli,No,UDA,Tinderet,Nandi,https://mzalendo.com/mps-performance/national-assembly/13th-parliament/julius-kipbiwot-meli/
membership:2d9112b3377d89707c450ae0f1079a9d22d16198f2d8219aa2a9a0a77bba97d6,Muchangi Karemba,No,UDA,Runyenjes,Embu,https://mzalendo.com/mps-performance/national-assembly/13th-parliament/karemba-eric-muchangi/
membership:95dd0b521dfa96645785bfe2b5a7e1530dd6da7774c0028544b0664dd931101f,Tandaza Kassim Sawa,No,ANC,Matuga,Kwale,https://mzalendo.com/mps-performance/national-assembly/13th-parliament/kassim-sawa-tandaza/
membership:0b33c078c37fb7891f97e219ba4d00a937c81531ac55b96b81c0b929cdbd2a29,Kimani Francis Kuria,No,UDA,Molo,Nakuru,https://mzalendo.com/mps-performance/national-assembly/13th-parliament/honcpa-kimani-francis-kuria/
membership:dc437bf6de22b25d22cc68dab6242cd65f8e816fd9a4304b6db3ef3767b9629d,Mathias Nyamabe Robi,No,UDA,Kuria West,Migori,https://mzalendo.com/mps-performance/national-assembly/13th-parliament/mathias-nyamabe-robi/
membership:fdb633eca5bb5bd368ac2c8344b9e2f4641e7412fd04df6794982638ede6e7dc,Mbiuki Japhet Miriti Kareke,No,UDA,Maara,Tharaka Nithi,https://mzalendo.com/mps-performance/national-assembly/13th-parliament/mbiuki-japhet-miriti-kareke/
membership:b1519b10a8dbe4d6abd374fd7129100f338931f5444e692d6353370efefbbd39,Mejjadonk Benjamin Gathiru,No,UDA,Embakasi Central,Nairobi,https://mzalendo.com/mps-performance/national-assembly/13th-parliament/mejjadonk-benjamin-gathiru/
membership:83aa9b2dd8cdbf334c1bee580ef93d4247803dd1999cdf4a5d4330b116379ee8,Michael Wambugu Wainaina,No,UDA,Othaya,Nyeri,https://mzalendo.com/mps-performance/national-assembly/13th-parliament/michael-wambugu-wainaina/
,Moses Malulu Injendi,No,—,—,—,
membership:89ea2e3ffa4cc0752827605a8c9d0a6f4de39261c67d243f2267dce9b7dbf162,Mugambi Murwithania Rindikiri,No,IND,Buuri,Meru,https://mzalendo.com/mps-performance/national-assembly/13th-parliament/mugambi-murwithania-rindikiri/
membership:b810cb0939dd746a8414d46c105dc334cee42c9f1676318bdf92e9f3189180c8,Mwafrika Augustine Kamande,No,UDA,Roysambu,Nairobi,https://mzalendo.com/mps-performance/national-assembly/13th-parliament/mwafrika-augustine-kamande/
membership:f5fb3a8a8dce43a7fab420533c831ee8de0710f9fbdf026e04b06bc03a7ffe5b,Mwirigi John Paul,No,UDA,Igembe South,Meru,https://mzalendo.com/mps-performance/national-assembly/13th-parliament/mwirigi-john-paul/
membership:42282950db69780b0f11c5162cef026888f0f71e52f733c4a2c27d79dcabc036,Waqo Naomi Jillo,No,UDA,—,Marsabit,https://mzalendo.com/mps-performance/national-assembly/13th-parliament/naomi-jilo-waqo/
membership:694b9dcf8ba73b302b0eb402bb2c7a4072116771ad46591b011582196edcbe69,Nduyo Susan Ngugi,No,TSP,—,Tharaka Nithi,https://mzalendo.com/mps-performance/national-assembly/13th-parliament/ngugi-susan-nduyo/
membership:1098ea4d49c72f99e1137e5e937ea3e5bbb0410c77df0b2a8fc4eaad0a6f137e,Onesmus Ngogoyo,No,UDA,Kajiado North,Kajiado,https://mzalendo.com/mps-performance/national-assembly/13th-parliament/onesmus-ngogoyo-nguro/
membership:6815fd41cbcf8ded76c26d0194ea3b8f3579bb0d91cdeba2d6aa42dfaf7b152f,Kihungi Peter Irungu,No,UDA,Kangema,Muranga,https://mzalendo.com/mps-performance/national-assembly/13th-parliament/peter-irungu-kihungi/
membership:178fd71949889fef5bc72ceb45d55cf068aa23f86fb311ddeb516084af530a5f,Peter Lochakapong,No,UDA,Sigor,West Pokot,https://mzalendo.com/mps-performance/national-assembly/13th-parliament/peter-lochakapong/
membership:a0743662371689a2438d158dd4f9596c94474f4a6bd522328151662ac35a09cf,Nyamai Rachael Kaki,No,JP,Kitui South,Kitui,https://mzalendo.com/mps-performance/national-assembly/13th-parliament/rachael-kaki-nyamai/
membership:86a3d2d7fdbce30bb42c100d8af598de8e4f53e92fe426f7a7dd817565a80fa9,Chege Sabina Wanjiru,No,JP,—,Muranga,https://mzalendo.com/mps-performance/national-assembly/13th-parliament/sabina-wanjiru-chege/
membership:7f104bb6100650d582e2c40412ad3d80adf5b4767243dc4d046ab0d562f228eb,Simon Nganga Kingara,No,UDA,Ruiru,Kiambu,https://mzalendo.com/mps-performance/national-assembly/13th-parliament/simon-nganga-kingara/
membership:2b3006c32ff67cc3c4fcbff3d4d132df4d67bf4c8ac8bfeb9f85c01a69c054e2,Karani Stephen Wachira,No,UDA,Laikipia West,Laikipia,https://mzalendo.com/mps-performance/national-assembly/13th-parliament/stephen-wachira-karani/
membership:667015de251f9314a9833a8ceed840191e76fa0dc97d72f9910dfb11359eedd6,Julius Manaiba,No,UDA,Igembe North,Meru,https://mzalendo.com/mps-performance/national-assembly/13th-parliament/taitamu-julius-manaiba/
membership:fd2b8cc7cc13e8934bc8b966fcdcea273e61042dc753bd6b4cad03e2a5b4566e,Adagala Beatrice,Abstained,ANC,—,Vihiga,https://mzalendo.com/mps-performance/national-assembly/13th-parliament/adagala-beatrice-kahai/
membership:2c9ebcd21bf92dbc04a84dfea84cbcc0cbe3a927776694a6213166d1a324df55,Kiplagat David,Abstained,UDA,Soy,Uasin Gishu,https://mzalendo.com/mps-performance/national-assembly/13th-parliament/david-kiplagat/
membership:070af35d25825dc4db9cb6bb1c864be85ed7ca9aaa9a6cb2ff0f262df2c7e7e3,Ruweida Mohamed,Abstained,JP,Lamu East,Lamu,https://mzalendo.com/mps-performance/national-assembly/13th-parliament/obo-ruweida-mohamed/
membership:ee1d8cd2bfd518c0bee4155b597778d07fdd1356b39edadb06300f84796aa012,Abdi Ali Abdi,Absent,NAP-K,Ijara,Garissa,https://mzalendo.com/mps-performance/national-assembly/13th-parliament/abdi-ali/
membership:450bc42b339ddfa142ffd10a5e3353323a49fac878799ef635493da17edc56b5,Abdikadir Hussein,Absent,ODM,Lagdera,Garissa,https://mzalendo.com/mps-performance/national-assembly/13th-parliament/abdikadir-hussein/
membership:5441891818c9f741017918204b53096e026c5b005af7223e78f1774024f4bc35,Shurie Abdi Omar,Absent,JP,Balambala,Garissa,https://mzalendo.com/mps-performance/national-assembly/13th-parliament/abdi-omar-shurie/
membership:0748959e9903767258471338b5b0d14773c10785b397a8963521064cb05cd636,Hussein Weytan,Absent,ODM,Mandera East,Mandera,https://mzalendo.com/mps-performance/national-assembly/13th-parliament/hussein-weytan/
membership:3a4dc3235266bc97483c696e7b20cd144b86fe16d17b52619560d96a9d2e74e0,Abubakar Talib,Absent,WDM-K,—,Mombasa,https://mzalendo.com/mps-performance/national-assembly/13th-parliament/abubakar-talib-ahmed/
membership:ee816e227d6a1f59e4fb0326db3f6156ec8841a978044352d4a3f70e9a5dec0d,Abuor Paul,Absent,ODM,Rongo,Migori,https://mzalendo.com/mps-performance/national-assembly/13th-parliament/abuor-paul/
membership:1577dddc2f542e1f55882ba9dc5994f091cc09a6a726061080cd1ae3eeae189f,Adhe Wario Guyo,Absent,KANU,North Horr,Marsabit,https://mzalendo.com/mps-performance/national-assembly/13th-parliament/adhe-wario-guyo/
membership:3855c56f007bf56e0d3a863663d9d25f57cf47ec4ca5ef7bb431c2d1803cd153,Aden Mohammed,Absent,ODM,Wajir South,Wajir,https://mzalendo.com/mps-performance/national-assembly/13th-parliament/adow-aden-mohammed/
membership:2badd63b891ad73645ef806c6eca4e09d70c5fd11ff2e6156f6cb948415cb7e7,Ahmed Shakeel Ahmed Shabbir,Absent,IND,Kisumu East,Kisumu,https://mzalendo.com/mps-performance/national-assembly/13th-parliament/ahmed-shakeel-ahmed-shabbir/
membership:ecbc3efb90a38df6ca122c59686f223c76523f44e49e4423f551e0468386807a,Alfah Ondieki Miruka,Absent,UDA,Bomachoge Chache,Kisii,https://mzalendo.com/mps-performance/national-assembly/13th-parliament/alfah-miruka-ondieki/
membership:c0cd4a2a025c038ea53f5436462d6030b1bd23f7359af574f49e5b77a9c3dc20,Abdisirat Khalif,Absent,UDA,—,Mandera,https://mzalendo.com/mps-performance/national-assembly/13th-parliament/ali-abdisirat-khalif/
membership:e93bf4897ee730f9f5206a591401feec865464bec1645997cbead0ca51476421,Abdullahi Amina Dika,Absent,KANU,—,Tana River,https://mzalendo.com/mps-performance/national-assembly/13th-parliament/amina-dika-abdullahi/
membership:7729296c94f61bea5bbcd1be5dc05a9f63de7242fd3695851aa0b954c2d3a89c,Mupe Anthony Kenga,Absent,PAA,Rabai,Kilifi,https://mzalendo.com/mps-performance/national-assembly/13th-parliament/anthony-kenga/
membership:2667880050902b3a06be63762ca7013cb630750183ddfb0b2366de490490317f,Antoney Kibagendi,Absent,ODM,Kitutu Chache South,Kisii,https://mzalendo.com/mps-performance/national-assembly/13th-parliament/anthony-kibagendi/
membership:1e2f92f72a2a90e9b485ae5eb44310b7a4e9b767b52f59aedd8d18bc664b1025,Atandi Samuel Onunga,Absent,ODM,Alego Usonga,Siaya,https://mzalendo.com/mps-performance/national-assembly/13th-parliament/atandi-samuel-onunga/
membership:4274d4e64f7cfad2c49377833d3751238a0ee7ac3dea9a577c5ec6ce9843b517,Bady Twalib,Absent,ODM,Jomvu,Mombasa,https://mzalendo.com/mps-performance/national-assembly/13th-parliament/bady-bady-twalib/
membership:dc9dd32eee53323ff48fba6b1a2441243401d0471a6e516007ec6be60cfede4a,Langat Benjamin Kipkirui,Absent,UDA,Ainamoi,Kericho,https://mzalendo.com/mps-performance/national-assembly/13th-parliament/benjamin-kipkirui-langat/
,Bidu Mohamed Tubi,Absent,—,—,—,
membership:2efa52fbf13ce1c89da66fd20bcd07eafaffc4057632a8fe8e2515b040ea1b68,Boss Gladys Jepkosgei,Absent,UDA,—,Uasin Gishu,https://mzalendo.com/mps-performance/national-assembly/13th-parliament/boss-gladys-jepkosgei/
membership:2c3808b3cf50bb802d1439a4cdd108edbb39da66ac31b5b880cea4f70ae100a3,Bowen David Kangogo,Absent,UDA,Marakwet East,Elgeyo Marakwet,https://mzalendo.com/mps-performance/national-assembly/13th-parliament/david-kangongo-bowen/
membership:ba50a7e6831ebd577d85c5a5addf17e938cdbcc85efd0b3e371e2483b52eae57,Mule Caleb Mutiso,Absent,MCCP,Machakos Town,Machakos,https://mzalendo.com/mps-performance/national-assembly/13th-parliament/caleb-mule-mutiso/
membership:30f9d530afd9742b85786c36057c98926d1f85d7daf285115d6c20d591daa7a5,Omondi Caroli,Absent,ODM,Suba South,Homa Bay,https://mzalendo.com/mps-performance/national-assembly/13th-parliament/caroli-omondi/
membership:f19583f92a935bf90bb4eb48616359f9cff75976f9798adee02eb806aceb4414,Charles Gumini Gimose,Absent,ANC,Hamisi,Vihiga,https://mzalendo.com/mps-performance/national-assembly/13th-parliament/charles-gumini-gimose/
membership:a59c5eb6811e1647f6e874a6dd638f8a7c5b94be59ea08535f238b0aef93f410,Wangaya Christopher Aseka,Absent,ODM,Khwisero,Kakamega,https://mzalendo.com/mps-performance/national-assembly/13th-parliament/christopher-aseka-wangaya/
membership:f73a7ec54f6d671aaa16048ed5dd92ab3b93af3f91456f05681c3732f17bbf19,Chumel Moroto Samwel,Absent,UDA,Kapenguria,West Pokot,https://mzalendo.com/mps-performance/national-assembly/13th-parliament/chumel-moroto-samuel/
membership:00a4fd1a929f129747c9829c4bded9a80b01845e203a264ff756b54362fdf5fc,Dido Ali. Rasso,Absent,UDA,Saku,Marsabit,https://mzalendo.com/mps-performance/national-assembly/13th-parliament/col-rtd-ali-rasso-dido/
membership:a9954184b17fb105b8c387228e7aef1b678f9eb67c4b234408f9bf8814525edd,Daniel Epuyo Nanok,Absent,UDA,Turkana West,Turkana,https://mzalendo.com/mps-performance/national-assembly/13th-parliament/daniel-epuyo-nanok/
membership:2fb42846a13cb374298c26177f9da3347e20b92a07a4a34db58f11f64977f640,Daniel Wanyama,Absent,UDA,Webuye West,Bungoma,https://mzalendo.com/mps-performance/national-assembly/13th-parliament/daniel-wanyama-sitati/
membership:653c5030be854a3d60f5523c3972a650aee100a6a6b0029e40562d9e2a5b9669,David Gikaria,Absent,UDA,Nakuru Town East,Nakuru,https://mzalendo.com/mps-performance/national-assembly/13th-parliament/david-gikaria/
,David Njuguna Kiaraho,Absent,—,—,—,
,Denar Joseph Hamisi,Absent,—,—,—,
membership:40394f6bc03ea612a28dccd0dfa9abb1a8b63e52d450bdcdc43e493d8f28d029,Didmus Wekesa Barasa Mutua,Absent,UDA,Kimilili,Bungoma,https://mzalendo.com/mps-performance/national-assembly/13th-parliament/didmus-wekesa-barasa-mutua/
membership:710f224704b51e017a7bcf63270c1c31729e8a78b1e17dd3d11b50f4b1a655ea,Aburi Donya Dorice,Absent,WDM-K,—,Kisii,https://mzalendo.com/mps-performance/national-assembly/13th-parliament/donya-dorice-aburi/
membership:8e4c6c4fdce08e20b75c55d42b6ee827b0acffa5b237f2e199049eeb0265090b,Mathenge Duncan Maina,Absent,UDA,Nyeri Town,Nyeri,https://mzalendo.com/mps-performance/national-assembly/13th-parliament/duncan-maina-mathenge/
membership:d6d08a6e395ab6984d3a28a16009a7b9beca17afd79623815c983bf5065942f5,Mutuse Eckomas Mwengi,Absent,MCCP,Kibwezi West,Makueni,https://mzalendo.com/mps-performance/national-assembly/13th-parliament/eckomas-mwengi-mutuse/
membership:a927751eb3b4389c6a60102d123ed280f224468d5729dcf1bd72100f680ad4e8,Chege Njuguna,Absent,UDA,Kandara,Muranga,https://mzalendo.com/mps-performance/national-assembly/13th-parliament/edwin-chege-njuguna/
membership:463ef64d8bc6b3136f82ec679cd6467a3bfb5da7df89902f4c2382d0497bb706,Paul Ekwom Nabuin,Absent,ODM,Turkana North,Turkana,https://mzalendo.com/mps-performance/national-assembly/13th-parliament/ekwom-nabuin/
membership:4005c0a8fc727ca4db749eff363f31968ce82c203f74554557c3de2bd0e811db,Elijah Memusi Kanchory,Absent,ODM,Kajiado Central,Kajiado,https://mzalendo.com/mps-performance/national-assembly/13th-parliament/elijah-memusi-kanchory/
membership:109b21df12a184701eae7e515da0e925643a7aecf0929a6b1eb1d2759353dff4,Elisha Ochieng Odhiambo,Absent,ODM,Gem,Siaya,https://mzalendo.com/mps-performance/national-assembly/13th-parliament/elisha-ochieng-odhiambo/
membership:79b3daae5e632e5e691df82fe6ce7af970a12aae53a81752a4259ea2ab3889bc,Eric Wamumbi,Absent,UDA,Mathira,Nyeri,https://mzalendo.com/mps-performance/national-assembly/13th-parliament/eric-wamumbi/
membership:b8a9f8f43d4a5d2b092d8f1a188ae7fbf357515c99661d18bc19d695167584a6,Kagesi Ernest Ogesi Kivai,Absent,ANC,Vihiga,Vihiga,https://mzalendo.com/mps-performance/national-assembly/13th-parliament/ernest-ogesi-kivai/
membership:34b7d86ea1c04646eb60f0804c26a86d50945e036514adc261a6b3e5150f70a5,Obara Eve Akinyi,Absent,ODM,Kabondo Kasipul,Homa Bay,https://mzalendo.com/mps-performance/national-assembly/13th-parliament/eve-akinyi-obara/
membership:7d52dfe47d4355a04ff007e37608567789106c393bfd0a9083f59534c83a55ee,Muli Fabian Kyule,Absent,GDDP,Kangundo,Machakos,https://mzalendo.com/mps-performance/national-assembly/13th-parliament/fabian-kyule-muli/
membership:768d82107d63ea6a23abb1d6fc6b769e49bc77039cf1ccf3789c04b011902eb1,Gitau Faith Wairimu,Absent,UDA,—,Nyandarua,https://mzalendo.com/mps-performance/national-assembly/13th-parliament/faith-wairimu-gitau/
membership:c29ff283daac2b067b39cb9fa8162750a4be1af55f23b9da7832e253479bbbbd,Farah Maalim,Absent,WDM-K,Dadaab,Garissa,https://mzalendo.com/mps-performance/national-assembly/13th-parliament/farah-maalim/
membership:1423fe978012eb5d7685d157da757884ce398db19c2bc5cae93cb89ec67ebd78,Farah Salah Yakub,Absent,UDA,Fafi,Garissa,https://mzalendo.com/mps-performance/national-assembly/13th-parliament/salah-yakub/
membership:5fb9d7bc259a0794581d34cf1ce9b4c4677dd797804134ae70bff220276167fd,Farah Yussuf Mohamed,Absent,ODM,Wajir West,Wajir,https://mzalendo.com/mps-performance/national-assembly/13th-parliament/farah-yussuf-mohamed/
membership:c9ad3bcac3d92ef1ed6aa31b950e8821faa0c88f0ef4afab61c57ed7968259b2,Jehow Fatuma Abdi,Absent,ODM,—,Wajir,https://mzalendo.com/mps-performance/national-assembly/13th-parliament/fatuma-abdi-jehow/
membership:0d6e1c7fae058ee4868e81bdf62f9c4e07bb7675a581559be6236b3f14f48e39,Mohammed Fatuma Zainab,Absent,IND,—,Migori,https://mzalendo.com/mps-performance/national-assembly/13th-parliament/fatuma-zainab-mohammed/
membership:cc8399e392e944b615f4033d6249df677aac263bc870c954752b4ac7dc213454,Fred Kapondi,Absent,UDA,Mount Elgon,Bungoma,https://mzalendo.com/mps-performance/national-assembly/13th-parliament/fred-chesebe-kapondi/
membership:2d55adfce64494fc75d9cef581e902c3cf81a7f5e920a0730e62b21e047f7d1b,Gabriel Koshal Tongoyo,Absent,UDA,Narok West,Narok,https://mzalendo.com/mps-performance/national-assembly/13th-parliament/gabriel-koshal-tongoyo/
membership:b9b063386de0a3868641c8e13edf523becd778b7e9ea4fd388214823a5aa4dfd,Gachagua George,Absent,UDA,Ndaragwa,Nyandarua,https://mzalendo.com/mps-performance/national-assembly/13th-parliament/gachagua-george/
membership:bb966486b729cd33f5f5d41cd310a8975f60b7293c97fdf9b8361b829385885c,Gathoni Wamuchomba,Absent,UDA,Githunguri,Kiambu,https://mzalendo.com/mps-performance/national-assembly/13th-parliament/gathoni-wamuchomba/
,Geoffrey Kariuki Kiringa Ruku,Absent,—,—,—,
membership:15e4171cdbaa7564df4044890f3ba360a438eac545d7a171c97e38a13d5b01fe,George Koimburi,Absent,UDA,Juja,Kiambu,https://mzalendo.com/mps-performance/national-assembly/13th-parliament/george-koimburi-ndungu/
membership:b9b49cb84a6e4f0354895dc0842bcaa5de218ed6705209970bf468950d376e48,Kariuki George Macharia,Absent,UDA,Ndia,Kirinyaga,https://mzalendo.com/mps-performance/national-assembly/13th-parliament/george-macharia-kariuki-gk/
membership:ac2e700dc2bce0325af2c55ae498b504ed92ff4692cb4760cbf9447fbdbc8bee,Kaluma George Peter Opondo,Absent,ODM,Homa Bay Town,Homa Bay,https://mzalendo.com/mps-performance/national-assembly/13th-parliament/george-peter-opondo-kaluma/
membership:8008aa55d7cb538d737a20a9b3de97cc5c6cb684109345dbba9084d1dcf85f4e,George Risa Sunkuiya,Absent,UDA,Kajiado West,Kajiado,https://mzalendo.com/mps-performance/national-assembly/13th-parliament/george-risa-sunkuyia/
membership:b4a133f5a07f6fb5174c2620b4b76121342738b1ca8999e091898cfe6c805799,Gideon Ochanda,Absent,ODM,Bondo,Siaya,https://mzalendo.com/mps-performance/national-assembly/13th-parliament/gideon-ochanda-ogolla/
membership:9b3556bfc2a3fecbf3af8a4634a4abd990b8db97284c08c991f794ead73836b9,Githinji Robert Gichimu,Absent,UDA,Gichugu,Kirinyaga,https://mzalendo.com/mps-performance/national-assembly/13th-parliament/githinji-robert-gichimu/
membership:f28356f55d6653967832360d102b7da469f30240b51ac13e7bd53244ca78aca0,Jaldesa Guyo Waqo,Absent,UPIA,Moyale,Marsabit,https://mzalendo.com/mps-performance/national-assembly/13th-parliament/guyo-waqo-jaldesa/
membership:e4ed3cde7d869ab939894e239f92d1219ff21438b01e77f4b80093e5d8f33b39,Haro Abdul Ebrahim,Absent,UDM,Mandera South,Mandera,https://mzalendo.com/mps-performance/national-assembly/13th-parliament/haro-abdul-ebrahim/
membership:0276ae9d52b3b219b565eec717ab3ed66cd586f18a3ff25c76dbd117465905ec,Kombe Harrison Garama,Absent,ODM,Magarini,Kilifi,https://mzalendo.com/mps-performance/national-assembly/13th-parliament/harrison-garama-kombe/
membership:1b15d435884f9599cea22a6703491753b1054d86606fce8d8814e2abb6c425b2,Hussein Abdi,Absent,UDA,Tarbaj,Wajir,https://mzalendo.com/mps-performance/national-assembly/13th-parliament/hussein-abdi/
membership:ca0b27e68d8d05ca7597f653877bf773020a2d6eef842a8ef9fb4db9049fdaac,Ikana Fredrick Lusuli,Absent,ANC,Shinyalu,Kakamega,https://mzalendo.com/mps-performance/national-assembly/13th-parliament/ikana-fredrick-lusuli/
membership:adbb385fc3f2ca40951f3dd07c1a611d79c02d07380a08c85741e858ecd8be45,Joseph Wainaina Iraya,Absent,IND,—,Uasin Gishu,https://mzalendo.com/mps-performance/national-assembly/13th-parliament/iraya-joseph-wainaina/
membership:cf26a7a15972b688f95a6f9806d677924f51e275862a6818dbdac1d20c767af2,Irene Muthoni Kasalu,Absent,WDM-K,—,Kitui,https://mzalendo.com/mps-performance/national-assembly/13th-parliament/irene-muthoni-kasalu/
membership:82cd48e72843670e55de171be7b5950efbc6a9f8206cfb04317cd82f10f8e54d,Irene Njoki,Absent,JP,Bahati,Nakuru,https://mzalendo.com/mps-performance/national-assembly/13th-parliament/irene-njoki/
membership:729ff066d43bb8c044fcbc129b2aa3ca4d512098ae08f462cfc7af104ea5b95a,Jackson Kipkemoi Kosgei,Absent,UDA,—,Baringo,https://mzalendo.com/mps-performance/national-assembly/13th-parliament/jackson-kipkemoi-kosgei/
membership:742d46324bcc60c02b3fa37ae13d8567cce8ad242ef9fd142b92e3a80eaed330,Wamacukuru James Githua Kamau,Absent,UDA,Kabete,Kiambu,https://mzalendo.com/mps-performance/national-assembly/13th-parliament/james-githua-kamau-wamacukuru/
membership:0aa0764e741ffa38fb2d1427c9e9b7cf40d2aeb934fcc8dfe47481a7898f4e2c,Janet Jepkemboi Sitienei,Absent,UDA,Turbo,Uasin Gishu,https://mzalendo.com/mps-performance/national-assembly/13th-parliament/janet-jepkemboi-sitienei/
membership:5988431001363198c5a348ba0189cc64b7fce090b97d46ab3725511f5cafe3ae,Jared Odoyo Okelo,Absent,ODM,Nyando,Kisumu,https://mzalendo.com/mps-performance/national-assembly/13th-parliament/jared-odoyo-okelo/
membership:839573da992e0ee0e7c66af14ac4f9378931458dc25b484136f443e85a862cde,Omboko Milemba,Absent,IND,Emuhaya,Vihiga,https://mzalendo.com/mps-performance/national-assembly/13th-parliament/jeremiah-omboko-milemba/
,Johana Ngeno Kipyegon,Absent,—,—,—,
membership:ebdace9f463cf3baee3a7f6944ae3d966c57ad8ebe2e639ffb0ebbd112b59a39,John Kiarie,Absent,UDA,Dagoretti South,Nairobi,https://mzalendo.com/mps-performance/national-assembly/13th-parliament/john-kiarie-waweru/
membership:063d4866bff559b8028f11aa0b7928c24a7f5a79910af2b87c2858ea1574d5b3,Waithaka John Machua,Absent,UDA,Kiambu,Kiambu,https://mzalendo.com/mps-performance/national-assembly/13th-parliament/john-machua-waithaka/
membership:3673ee06a964f5713aadc49f343f692831a5d855cba458bdf8c067552df32221,Chikati John Murumba,Absent,FORD-KENYA,Tongaren,Bungoma,https://mzalendo.com/mps-performance/national-assembly/13th-parliament/john-murumba-chikati/
membership:97c26c7173a0fddaf2f48512a605ef0f639f9d3992106b99af7c3441753cd172,Mutunga John Kanyuithia,Absent,UDA,Tigania West,Meru,https://mzalendo.com/mps-performance/national-assembly/13th-parliament/john-kanyuithia-mutunga/
membership:e4a0f694ed1d519bee59ccf3615ca2d9987b2c8a27b8d4e54c3c73e089086d67,Naicca Johnson Manya,Absent,ODM,Mumias West,Kakamega,https://mzalendo.com/mps-performance/national-assembly/13th-parliament/johnson-manya-naicca/
membership:582fe27d44cd1a249e70f0a9c78e2715fea9e6d71b183fde7429fa256a0cc0f5,Koyi John Waluke,Absent,JP,Sirisia,Bungoma,https://mzalendo.com/mps-performance/national-assembly/13th-parliament/john-waluke-koyi/
membership:85a706d65e7c446bc45534169741efd34ff0e446ee9bf92c6725c5a62e14863f,Joseph Gachoki Gitari,Absent,UDA,Kirinyaga Central,Kirinyaga,https://mzalendo.com/mps-performance/national-assembly/13th-parliament/joseph-gachoki-gitari/
membership:662ea527d0d9567cfa2de5be15ff80212d64df53d9803e87e345b4df5114254b,Naisula Lesuuda,Absent,KANU,Samburu West,Samburu,https://mzalendo.com/mps-performance/national-assembly/13th-parliament/naisula-lesuuda/
membership:05a44159643aa8f89f272ebf3bab700b1472f8cc5eae0877df04e1f35fa16b9f,Joseph Kalasinga Majimbo,Absent,FORD-KENYA,Kabuchai,Bungoma,https://mzalendo.com/mps-performance/national-assembly/13th-parliament/majimbo-kalasinga/
membership:34c52e7a20941574514eb57cd3288df7660e303f88b9a1e68e504739a8b80bf0,Kahangara Joseph Mburu,Absent,UDA,Lari,Kiambu,https://mzalendo.com/mps-performance/national-assembly/13th-parliament/joseph-mburu-kahangara/
membership:e85028bb7c7ee8022d63b866938a34b922abb3efe188b3148f359788e994f7ef,Lomwa Joseph Samal,Absent,JP,Isiolo North,Isiolo,https://mzalendo.com/mps-performance/national-assembly/13th-parliament/joseph-samal-lomwa/
membership:f00a2e46f341cd67dba6dcc4db72b0d462b09a36821a8790a77ecc7ab20fcf86,Joshua Aduma Owuor,Absent,ODM,Nyakach,Kisumu,https://mzalendo.com/mps-performance/national-assembly/13th-parliament/joshua-aduma-owuor/
membership:561a4bd81f34357adf4804ad103ab4e98abe32716030975bd5b299b58693631c,Joshua Kivinda Kimilu,Absent,WDM-K,Kaiti,Makueni,https://mzalendo.com/mps-performance/national-assembly/13th-parliament/joshua-kivinda-kimilu/
membership:99d55ef789c8619b4318893817f788d95d1eeb62a6a38dd4702dcdb6da860e5e,Joyce Kamene,Absent,WDM-K,—,Machakos,https://mzalendo.com/mps-performance/national-assembly/13th-parliament/joyce-kamene/
membership:943ee3cc70ac05643177d10b9650a9b5590b0697fd354521632256a793d5ca74,Julius Lekakeny Sunkuli,Absent,KANU,Kilgoris,Narok,https://mzalendo.com/mps-performance/national-assembly/13th-parliament/julius-lekakeny-sunkuli/
membership:068df58925474a93b9f31623019e81a919c6e025c89ff72caf0a073e5fd5b9e6,Mawathe Julius Musili,Absent,IND,Embakasi South,Nairobi,https://mzalendo.com/mps-performance/national-assembly/13th-parliament/julius-musili-mawathe/
membership:7ef251827e4a74727dd98fdd782e7abb78d5546db82bb357909acd2bedcc37a1,Junet Sheikh Nuh Mohamed,Absent,IND,Suna East,Migori,https://mzalendo.com/mps-performance/national-assembly/13th-parliament/nuh-junet/
membership:cf09ea4a82bdc93f12a2718b1612d7e3999b70b906e96f39fb2166f05d8dc8ba,Kemei Justice Kipsang,Absent,UDA,Sigowet-Soin,Kericho,https://mzalendo.com/mps-performance/national-assembly/13th-parliament/justice-kipsang-kemei/
membership:6d6fef4eac37cb6e62947e776f4e0a451902b75ddb8422cf201f4ec9ee8d3751,Kagiri Jane Wangechi,Absent,UDA,—,Laikipia,https://mzalendo.com/mps-performance/national-assembly/13th-parliament/kagiri-jane-wangechi/
membership:a40d5d50c15e4b3319f8e21f65a0e529a43e1628b2f68cc7a1de70c4d9cba1b2,Kagombe Gabriel Gathuka,Absent,UDA,Gatundu South,Kiambu,https://mzalendo.com/mps-performance/national-assembly/13th-parliament/kagombe-gabriel-gathuka/
membership:77f226a1c479a3e0ca82f97344b52e4db958a55b0d941671912add25522011ea,Kaguchia John,Absent,UDA,Mukurweini,Nyeri,https://mzalendo.com/mps-performance/national-assembly/13th-parliament/kaguchia-john-philip/
membership:2fc891cc4cb392d2cf2a981b488259b614eeea8ce933af5365adaf3614022253,Kailemia Elizabeth Karambu,Absent,UDA,—,Meru,https://mzalendo.com/mps-performance/national-assembly/13th-parliament/kailemia-elizabeth-karambu/
membership:11bfd23d0bc4e6e5d5d83d6bd87cd0aa75e1cb88c6e47eecfe0be561d1f1942e,Keynan Wehliye Adan,Absent,JP,Eldas,Wajir,https://mzalendo.com/mps-performance/national-assembly/13th-parliament/keynan-wehliye-adan/
membership:e205d29ad589655588de8db69413a67de989d5cfef489451fcbbb33f0bdb8e7a,Phelix Odiwuor,Absent,ODM,Langata,Nairobi,https://mzalendo.com/mps-performance/national-assembly/13th-parliament/khodhe-phelix-odiwuor/
membership:3c867dda0d2ba7393d0ab5f2526a54c325a261733d095e9f0fa8c30f4928ff3f,Jayne N.W Kihara,Absent,UDA,Naivasha,Nakuru,https://mzalendo.com/mps-performance/national-assembly/13th-parliament/kihara-jayne-njeri-wanjiru/
membership:3e56e6d7d847989878ff97a372d6f0285d204bd4c23ba854ee66235f0fb46a26,Hon.karitho Kiili Daniel,Absent,JP,Igembe Central,Meru,https://mzalendo.com/mps-performance/national-assembly/13th-parliament/kiili-daniel-karitho/
membership:05b4daefbefb16b4b3d26c1066468e84136b4c06fca727bab7ddc5c90a232cf0,Mwangi Festus Kiunjuri,Absent,TSP,Laikipia East,Laikipia,https://mzalendo.com/mps-performance/national-assembly/13th-parliament/kiunjuri-festus-mwangi-maina/
membership:11053891b49f51c6a44b4e491109f85e1deb65cae5628b6410e5c56dd5fcfb38,Kururia Elijah Njore Njoroge,Absent,IND,Gatundu North,Kiambu,https://mzalendo.com/mps-performance/national-assembly/13th-parliament/njoroge-w/
membership:3dd6b1bb7838a2b3da2e9331c2d798ea518b2e6b0e1ffa0d593d29bde9dae034,Lawrence Mpuru Aburi,Absent,NOPEU,Tigania East,Meru,https://mzalendo.com/mps-performance/national-assembly/13th-parliament/lawrence-mpuru-aburi/
membership:ac8d2bdf7cdde1c0f26262590e69d42fcae7ca19d355078fddf09b5745e96e02,Lekuton Joseph,Absent,UDM,Laisamis,Marsabit,https://mzalendo.com/mps-performance/national-assembly/13th-parliament/lekuton-joseph/
membership:9df52533a4c1046f3de891917cc25ea86a2f64b9a9661e471c70a3633152797f,Jackson Lekumontare,Absent,KANU,Samburu East,Samburu,https://mzalendo.com/mps-performance/national-assembly/13th-parliament/jackson-lekumontare/
membership:abaf08c0375eb20264ce2dceeee9da6ccb01f430bf0a9661e1dea8b4943be1ad,Letipila Dominic Eli,Absent,UDA,Samburu North,Samburu,https://mzalendo.com/mps-performance/national-assembly/13th-parliament/letipila-dominic-eli/
membership:7f6bea0d849b6dfa086fba19aae316bdfc5570eecbb17fe726ce579f2c4c43bc,Linet Chepkorir,Absent,UDA,—,Bomet,https://mzalendo.com/mps-performance/national-assembly/13th-parliament/chepkorir-linet/
membership:67dbfd077578ea98a82b3db9b94e2999b9919f28c61b080216457057b056a334,Lotee Titus,Absent,KUP,Kacheliba,West Pokot,https://mzalendo.com/mps-performance/national-assembly/13th-parliament/lotee-titus/
membership:ad265844ea0ff055b28239c8462f76072d31f03a1f2a5bb514a691de4d486435,Nyamita Mark Ogolla,Absent,ODM,Uriri,Migori,https://mzalendo.com/mps-performance/national-assembly/13th-parliament/mark-ogolla-nyamita/
membership:d3ff0a60f7b2a9c086b3ef8d31bf24330c04735c9330012a34e65dbf921a3682,Wanyonyi Martin Pepela,Absent,FORD-KENYA,Webuye East,Bungoma,https://mzalendo.com/mps-performance/national-assembly/13th-parliament/martin-wanyonyi-pepela/
membership:408bbdb36804bd725a2696e54745011219a16054393932a15fce231f8923e0df,Marubu Muthoni Monicah,Absent,IND,—,Lamu,https://mzalendo.com/mps-performance/national-assembly/13th-parliament/marubu-muthoni-monicah/
membership:0e926c52b40a6a93c65cc959b4feb390747540af14a3d930e79fe39f1436829d,Maisori Marwa Kemero Kitayama,Absent,UDA,Kuria East,Migori,https://mzalendo.com/mps-performance/national-assembly/13th-parliament/marwa-kemero-maisori-kitayama/
membership:664666fbab1f883657bc2bc05be2a8a3d9748cc6be8a15eff55a743e0060eba5,Masito Fatuma Hamisi,Absent,ODM,—,Kwale,https://mzalendo.com/mps-performance/national-assembly/13th-parliament/masito-fatuma-hamisi/
membership:a3168f76869a52471ed52450415ec748848a170c9dcde0a4ce0b34071ba3abcd,Maurice Kakai Bisau,Absent,DAP-K,Kiminini,Trans Nzoia,https://mzalendo.com/mps-performance/national-assembly/13th-parliament/maurice-kakai-bisau/
membership:e02acf7583daade14e58cc8a0950bcf9ae0e71bfb351a180800564adcc5c0205,Mbalu Jessica Nduku Kiko,Absent,WDM-K,Kibwezi East,Makueni,https://mzalendo.com/mps-performance/national-assembly/13th-parliament/mbalu-jessica-nduku-kiko/
membership:642ec2db5e1ddf1ed64c04ed029915c38933e354869bf23af8e0b2d0cfd03169,Khamisi Mboko Mishi Juma,Absent,ODM,Likoni,Mombasa,https://mzalendo.com/mps-performance/national-assembly/13th-parliament/mishi-juma-khamisi/
membership:005c5a6716d5e4fdb65432c47987a734e52ba5059af2112082db353689122529,Michael Mwangi Muchira,Absent,UDA,Ol Jorok,Nyandarua,https://mzalendo.com/mps-performance/national-assembly/13th-parliament/michael-mwangi-muchira/
membership:a2e5a60010ecc989fcfc7f17b96e691743f36184509612585a6564fbc8cb121c,Mohamed Ali,Absent,UDA,Nyali,Mombasa,https://mzalendo.com/mps-performance/national-assembly/13th-parliament/mohamed-ali-mohamed/
membership:773ad4053aa6e0607e3c31b9925a9439ecbc448b3d7a010570d0838a1fd69968,Mohamed Dekow Barrow,Absent,IND,Garissa Township,Garissa,https://mzalendo.com/mps-performance/national-assembly/13th-parliament/mohamed-dekow-barrow/
membership:bd8c74c6bce9d5c2633cf55bf84a9cb13b5c5819d85b86fde930c70f78d7d568,Machele Mohamed Soud,Absent,ODM,Mvita,Mombasa,https://mzalendo.com/mps-performance/national-assembly/13th-parliament/mohamed-soud/
membership:6f80959405b920a97c3441975e3abaf3c729e08b0bd6056a69c66c8bfecca8c4,Kirima Moses Nguchine,Absent,UDA,Central Imenti,Meru,https://mzalendo.com/mps-performance/national-assembly/13th-parliament/moses-nguchine-kirima/
membership:32076af7721a9170574207812b72707b4abdb1d6ccdd9fd094a643aa4ac18f21,Muhanda Elsie Busihile,Absent,ODM,—,Kakamega,https://mzalendo.com/mps-performance/national-assembly/13th-parliament/muhanda-elsie-busihile/
membership:cf5a1fbb587634d07da58f5daaae1f7fe3fb70ed3efb6fd987d7be4b690be7f6,Mukunji John Gitonga Mwaniki,Absent,UDA,Manyatta,Embu,https://mzalendo.com/mps-performance/national-assembly/13th-parliament/mukunji-john-gitonga-mwaniki/
membership:0ab30273be71c4e7ac501ea2b8c848a54345130c11b3356502a86f7e78934b2c,Bonaya Mumina Gollo,Absent,JP,—,Isiolo,https://mzalendo.com/mps-performance/national-assembly/13th-parliament/mumina-golo-bonaya/
membership:da013134c2e5548abfc828f6bf52c43190b52961b7aea0c38cb84eb67a976ac5,Muratha Anne Wanjiku Mugo,Absent,UDA,—,Kiambu,https://mzalendo.com/mps-performance/national-assembly/13th-parliament/muratha-anne-wanjiku-mugo/
membership:5a2ce594594465837c5ae71190a36005673e10e47905d8435ceb5737ffbdb615,Robert Mbui,Absent,WDM-K,Kathiani,Machakos,https://mzalendo.com/mps-performance/national-assembly/13th-parliament/musau-robert-mbui/
membership:07f8356899bca0b9a32ac63287f0bbf8c6550ae4c1aac3ab2979b3da8e6a913f,Passaris Esther Muthoni,Absent,ODM,—,Nairobi,https://mzalendo.com/mps-performance/national-assembly/13th-parliament/gathoni-esther-passaris/
membership:92725f15fb279d214416aa222413889af15df35c71114fa7fadb6a71dc3c4d03,Mwangi Teresia Wanjiru,Absent,IND,—,Kiambu,https://mzalendo.com/mps-performance/national-assembly/13th-parliament/mwangi-teresia-wanjiru/
membership:9173f085b1df9ced9933f74986783838a732e13244e4ae3b2873a4756e553e8b,Nabii Nabwera,Absent,ODM,Lugari,Kakamega,https://mzalendo.com/mps-performance/national-assembly/13th-parliament/nabii-nabwera/
membership:4ddf1c10b7564181faf48de0c528802ad74e62da31d21d01253032b1517754c5,Nelson Koech,Absent,UDA,Belgut,Kericho,https://mzalendo.com/mps-performance/national-assembly/13th-parliament/nelson-koech/
membership:c8e7d7870687c5ab6d34d903c7b1298a6995eda0a9a93ca2f099ba5d5ffece38,Nimrod Mbithuka Mbai,Absent,UDA,Kitui East,Kitui,https://mzalendo.com/mps-performance/national-assembly/13th-parliament/nimrod-mbithuka-mbai/
membership:b1475551200a22f3b9b66f865c963b53012ff2d42e5824e9934e5d52961ad6a0,Nyakundi Japheth Mokaya,Absent,UDA,Kitutu Chache North,Kisii,https://mzalendo.com/mps-performance/national-assembly/13th-parliament/nyakundi-japheth-mokaya/
membership:988b0e3e5fd9499de15a1b91c169575ca23a92624e355eb63bd7f3a42efd7f07,Nyenze Edith Vethi,Absent,WDM-K,Kitui West,Kitui,https://mzalendo.com/mps-performance/national-assembly/13th-parliament/nyenze-edith-vethi/
membership:8fe5572d8e384c2f4236e8f60300205c6325e9d657358504d399e8b6ae502112,Sudi Oscar Kipchumba,Absent,UDA,Kapseret,Uasin Gishu,https://mzalendo.com/mps-performance/national-assembly/13th-parliament/oscar-kipchumba-sudi/
membership:c9a76cad771c50845071006a86447428d83fa381641efbcd55ee7a43ba102775,Njeru Pamela Njoki,Absent,UDA,—,Embu,https://mzalendo.com/mps-performance/national-assembly/13th-parliament/pamela-njoki-njeru/
membership:c7595c2943078e344bf17fb49158c57b691f5291e00973ccc00de0cd26e783c3,Patrick Makau,Absent,WDM-K,Mavoko,Machakos,https://mzalendo.com/mps-performance/national-assembly/13th-parliament/patrick-makau-kingola/
membership:6ff5ede511d9389227bc2214313d2a8c8f6502e8a1c20a88bb04f48dbe8250f6,Ntwiga Patrick Munene,Absent,UDA,Chuka/Igambang'ombe,Tharaka Nithi,https://mzalendo.com/mps-performance/national-assembly/13th-parliament/patrick-munene-ntwiga/
membership:31470717589f970ce4ac0498c76b76b77b961557da32e6d875d3a128673aff2d,Salasya Peter Kalerwa,Absent,DAP-K,Mumias East,Kakamega,https://mzalendo.com/mps-performance/national-assembly/13th-parliament/peter-salasya-kalerwa/
membership:44553cddfb68715f237f76ea68b5c76fabccb45c982aee1cacd15b30786f9d18,Pkosing David Losiakou,Absent,KUP,Pokot South,West Pokot,https://mzalendo.com/mps-performance/national-assembly/13th-parliament/pkosing-david/
membership:4fea4bb259380d2fbcb0e7c1977bf85e8f5c234d646d7685a69e19044e56c5c9,Rahab Mukami,Absent,UDA,—,Nyeri,https://mzalendo.com/mps-performance/national-assembly/13th-parliament/rahab-mukami-wachira/
membership:c041a3480bd9938f5f2f77177fcaeba8b13612503c6d1598abb78f1a088dd3f0,Wanjala Raphael Bitta Sauti,Absent,ODM,Budalangi,Busia,https://mzalendo.com/mps-performance/national-assembly/13th-parliament/raphael-bitta-sauti-wanjala/
membership:0e72fe50dd3800264dc515ac0c55db86baad169c351e209acc348065d1dfa685,Pukose Robert,Absent,UDA,Endebess,Trans Nzoia,https://mzalendo.com/mps-performance/national-assembly/13th-parliament/robert-pukose/
membership:ca1c2017b94459efc7aa960f582e6f4365e965e006e9a0d4de4ce696566cf8f2,Hiribae Said Buya,Absent,ODM,Galole,Tana River,https://mzalendo.com/mps-performance/national-assembly/13th-parliament/said-buya-hiribae/
membership:33c183879879ca9beae63daf4f82f9c6e4fa016537037513459123df3cd8dfb0,Samson Ndindi Nyoro,Absent,UDA,Kiharu,Muranga,https://mzalendo.com/mps-performance/national-assembly/13th-parliament/samson-ndindi-nyoro/
membership:1c622ddd8a510ded366714ce11470a5d477853a5e11ee175abb5b9b7a66cf490,Arama Samuel,Absent,JP,Nakuru Town West,Nakuru,https://mzalendo.com/mps-performance/national-assembly/13th-parliament/samuel-arama/
membership:743fbfcf6c2b5c0c3af0af9fb04d1ee5a6b48e1da1f4d8de408ac58ad480c856,Rai Samuel Gonzi,Absent,PAA,Kinango,Kwale,https://mzalendo.com/mps-performance/national-assembly/13th-parliament/samuel-gonzi-rai/
membership:9a4260aba07c0abe85833a9ee70ad04ac85dfd7c9671f8943723977a902f5a02,Gachobe Samuel Kinuthia,Absent,UDA,Subukia,Nakuru,https://mzalendo.com/mps-performance/national-assembly/13th-parliament/samuel-kinuthia-gachobe/
membership:16ebaf9f1b1eb4cfde6b03a673be06c5b22e57bd657d69ff48c4c84b76d8ff94,Samuel Kiprono Chepkonga,Absent,UDA,Ainabkoi,Uasin Gishu,https://mzalendo.com/mps-performance/national-assembly/13th-parliament/samuel-kiprono-chepkonga/
membership:d68c5122273ac73fa3329915d7d2a6d1add1dc693eb4e4fa3f34134cf0b1a02f,Shadrack Mwiti,Absent,JP,South Imenti,Meru,https://mzalendo.com/mps-performance/national-assembly/13th-parliament/shadrack-muli/
membership:b74fcf346652a015fac12e8c10f470f7c8c023bb63a0827bef051f97055857a4,Shake Mbogho Peter,Absent,JP,Mwatate,Taita Taveta,https://mzalendo.com/mps-performance/national-assembly/13th-parliament/shake-mbogho-peter/
membership:d25c78f82e68456ba77d9fd252de18e1bfad7e4f9876ca53b59f966c51e78082,Sheikh Umul Ker Kassim,Absent,UDM,—,Mandera,https://mzalendo.com/mps-performance/national-assembly/13th-parliament/sheikh-umul-ker-kassim/
membership:c89677d290afa04b908b48119ea42409f4355339f7b37dcdace24a30b329cf4d,Silvanus Osoro,Absent,UDA,South Mugirango,Kisii,https://mzalendo.com/mps-performance/national-assembly/13th-parliament/silvanus-osoro-onyiego/
membership:b63de64300bf269c6ecddc1d155230217ca4f467e3d84e62c518e7db6ce32215,Sloya Clement Logova,Absent,UDA,Sabatia,Vihiga,https://mzalendo.com/mps-performance/national-assembly/13th-parliament/sloya-clement-logova/
membership:fa2ddbc4732fe3fabfc4b01bbaf3bd49cc63e8006952145e0efeacd0effb0784,Muthama Stanley Muiruri,Absent,JP,Lamu West,Lamu,https://mzalendo.com/mps-performance/national-assembly/13th-parliament/stanley-muiruri-muthama/
membership:4bb4500bf403e8d95dae50b78ef6b0457a511564b1654996228aa30026948d3f,Mogaka Stephen,Absent,JP,West Mugirango,Nyamira,https://mzalendo.com/mps-performance/national-assembly/13th-parliament/stephen-mogaka/
membership:9cc36c341b6cf2970989f54960d45723c70e7f9569bc5e744f878ddbeca5bb58,Mule Stephen Mutinda,Absent,WDM-K,Matungulu,Machakos,https://mzalendo.com/mps-performance/national-assembly/13th-parliament/stephen-mutinda-mule/
membership:354de68c82a64be71ab0ddc69c57eaaa28a072db6f1692bccfb9c1080b63a2b3,Vincent Musyoka Musau,Absent,UDA,Mwala,Machakos,https://mzalendo.com/mps-performance/national-assembly/13th-parliament/vincent-musyoka-musau/
membership:836d8e77a5e283431ff723ab097901d3ee9f9dc2ea3781eeef2638afd284a3cd,Wambilianga Catherine Nanjala,Absent,FORD-KENYA,—,Bungoma,https://mzalendo.com/mps-performance/national-assembly/13th-parliament/wambilianga-catherine-nanjala/
membership:931f783d018b1e586f80267198a94a1a3d5ee2bf8cdd7809fef37bcb6f2f08d5,Muhia Wanjiku,Absent,UDA,Kipipiri,Nyandarua,https://mzalendo.com/mps-performance/national-assembly/13th-parliament/wanjiku-muhia/
membership:423cd3937c11aa8b3f24900240de3d835380c853b696e7ff773dfb62490a19f3,Kuno Yakub Adow,Absent,UPIA,Bura,Tana River,https://mzalendo.com/mps-performance/national-assembly/13th-parliament/yakub-adow/
membership:ec1969f977be63918b1bdaa055b2f60bbdae38769032068563ca998bcc396c95,Yegon Brighton Leonard,Absent,UDA,Konoin,Bomet,https://mzalendo.com/mps-performance/national-assembly/13th-parliament/yegon-brighton-leonard/
membership:7b043a8276e8e167a70cede2e71ff66f7953702b8dd1f76a2fcc4a4fab7a58d7,Yusuf Hassan,Absent,JP,Kamukunji,Nairobi,https://mzalendo.com/mps-performance/national-assembly/13th-parliament/yusuf-hassan-abdi/
membership:a6b4912328ef65a8d01c67386a784b53bd2198028b1f5bc904ef5373d7fa50c2,Jhanda Zaheer,Absent,UDA,Nyaribari Chache,Kisii,https://mzalendo.com/mps-performance/national-assembly/13th-parliament/zaheer-jhanda/
